mu,sigma,nu,Alpha,B1,B2,B3
0.0,0.048548080642228125,4.598293152979385,0.042634206402984445,0.9748886083939534,2.04119209067499,3.1548013901402516
