ID,Value,Delta,Gamma,Vega,Rho,Theta
1.0,3.258978385642126,0.5478427718529352,0.0536076725857865,14.649919838956027,-0.446435395045075,-13.040108486446096
2.0,2.692547617953683,-0.4632799199922035,0.05583445933703327,14.610163436938883,-0.25361384388133956,-8.960829216806756
3.0,22.057502295384815,0.6859424221244619,0.008143853194421987,35.685082800505086,-22.90646094518678,-7.239036383604933
4.0,21.018407392605724,-0.4917515423685264,0.01015711492634582,40.55095761938077,-14.10099334911763,-5.9522075126731355
