ES Absolute,ES Diff from Mean
0.0752320873139881,0.12114099330795697
