Stock,VaR95,ES95,VaR95_Pct,ES95_Pct
A,94.27370579153131,117.94871338310433,0.047136852895765656,0.05897435669155217
B,108.53563588324144,152.1199626509334,0.03617854529441381,0.050706654216977794
Total,151.598604001997,198.9354071845076,0.030319720800399397,0.03978708143690152
