ES Absolute,ES Diff from Mean
0.07522634081284736,0.12113524680681623
