var,x1,x2,x3,x4,x5
x1,1.1739858309229525,-0.6179886678164935,-0.2845590020642116,-0.06515152227963553,-0.6882868737802056
x2,-0.6179886678164935,1.3181972977082688,0.017091963920645683,0.44569555115531206,0.13917593540649859
x3,-0.2845590020642116,0.017091963920645686,0.9181018498848336,0.3541466560862038,0.2460556133880702
x4,-0.06515152227963553,0.44569555115531206,0.3541466560862038,0.8947639798729857,-0.21871733784981304
x5,-0.6882868737802056,0.13917593540649859,0.24605561338807022,-0.21871733784981304,0.5226073081969813
