var,x1,x2,x3,x4,x5
x1,1.0,-0.4831993213829146,-0.24178662574733764,-0.06776693230858279,-0.7147612261129566
x2,-0.4831993213829146,1.0,0.015446314212291349,0.4056598228619474,0.17828625479143523
x3,-0.24178662574733764,0.015446314212291349,1.0,0.4882498490612363,0.33624763305682104
x4,-0.06776693230858279,0.4056598228619474,0.4882498490612363,1.0,-0.3221362431618677
x5,-0.7147612261129566,0.17828625479143523,0.33624763305682104,-0.3221362431618677,1.0
