var,x1,x2,x3,x4,x5
x1,1.0,-0.48319932138291477,-0.24178662574733828,-0.06776693230858286,-0.7147612261129568
x2,-0.48319932138291477,1.0,0.015446314212291902,0.4056598228619478,0.17828625479143567
x3,-0.24178662574733828,0.015446314212291902,1.0,0.4882498490612367,0.336247633056822
x4,-0.06776693230858286,0.4056598228619478,0.4882498490612367,1.0,-0.32213624316186745
x5,-0.7147612261129568,0.17828625479143567,0.336247633056822,-0.32213624316186745,1.0
