var,x1,x2,x3,x4,x5
x1,0.8486303357049017,0.12004255126060673,0.1791490307043346,0.0839419135777424,0.05543193803935119
x2,0.1200425512606067,1.0795890932197016,0.024682230397428728,0.11512401789351674,-0.4296114336920861
x3,0.1791490307043346,0.024682230397428728,0.7364565893568056,0.13376497147321278,0.06903313796434271
x4,0.08394191357774237,0.11512401789351671,0.1337649714732128,0.8679324722776725,0.1127880585198536
x5,0.05543193803935124,-0.42961143369208615,0.0690331379643427,0.11278805851985363,1.1379271539081066
