var,x1,x2,x3,x4,x5
x1,1.0835062671359832,0.0,0.0,0.0,0.0
x2,-0.5703600307269234,0.996437019112323,0.0,0.0,0.0
x3,-0.26262792444789673,-0.13317500714236943,0.9118074581059608,0.0,0.0
x4,-0.06013026805267089,0.4128707000344772,0.43138364741396096,0.7311595342562167,0.0
x5,-0.6352403254662703,-0.22393764168277147,0.05417905690015524,-0.2568921943723808,0.0
