var,x1,x2,x3,x4,x5
x1,1.0,-0.4831993213829149,-0.24178662574733856,-0.06776693230858305,-0.714761226112957
x2,-0.4831993213829149,1.0,0.01544631421229195,0.40565982286194835,0.17828625479143595
x3,-0.24178662574733856,0.01544631421229195,1.0,0.4882498490612369,0.33624763305682226
x4,-0.06776693230858305,0.40565982286194835,0.4882498490612369,1.0,-0.3221362431618673
x5,-0.714761226112957,0.17828625479143595,0.33624763305682226,-0.3221362431618673,1.0
