var,x1,x2,x3,x4,x5
x1,1.0,0.08478716043926518,0.19010008267980366,0.12904532619660908,0.0707060362527029
x2,0.08478716043926518,1.0,-0.0774316733593013,0.2022279602627671,-0.4425462404514737
x3,0.19010008267980366,-0.0774316733593013,1.0,0.19826707958324888,0.10209287204810517
x4,0.12904532619660908,0.2022279602627671,0.19826707958324888,1.0,0.1195409176344126
x5,0.0707060362527029,-0.4425462404514737,0.10209287204810517,0.1195409176344126,1.0
