var,x1,x2,x3,x4,x5
x1,1.1739858309229525,-0.629631063582554,-0.27893198733795177,-0.08144800426545687,-0.7351396887193036
x2,-0.629631063582554,1.318197297708269,0.018089631104244473,0.44604714111630295,0.13930938846862392
x3,-0.27893198733795177,0.018089631104244473,0.9181018498848337,0.36083562142200926,0.258612875325425
x4,-0.08144800426545687,0.44604714111630295,0.36083562142200926,0.8947639798729858,-0.23519021194570738
x5,-0.7351396887193036,0.13930938846862392,0.258612875325425,-0.23519021194570738,0.5226073081969813
