var,x1,x2,x3,x4,x5
x1,1.1739858309229525,-0.6238699842344495,-0.2943347986952767,-0.05767708403442503,-0.6938878025563175
x2,-0.6238699842344495,1.3181972977082688,0.016449174049293098,0.44857883308415386,0.14370286873116608
x3,-0.2943347986952767,0.016449174049293094,0.9181018498848336,0.3540668943416382,0.24686647441734216
x4,-0.05767708403442503,0.4485788330841539,0.3540668943416382,0.8947639798729857,-0.21706217333573335
x5,-0.6938878025563177,0.1437028687311661,0.2468664744173422,-0.21706217333573333,0.5226073081969813
