var,x1,x2,x3,x4,x5
x1,0.8486303357049017,0.08115562208446185,0.15028483472790016,0.1107502013437728,0.06948210996343936
x2,0.08115562208446185,1.0795890932197016,-0.06904328797562952,0.19575524812872372,-0.4905069104891773
x3,0.15028483472790016,-0.06904328797562952,0.7364565893568055,0.15851382810921671,0.09346009713744188
x4,0.1107502013437728,0.1957552481287237,0.15851382810921674,0.8679324722776725,0.11880009400910847
x5,0.06948210996343934,-0.49050691048917733,0.09346009713744188,0.11880009400910846,1.1379271539081066
