VaR Absolute,VaR Diff from Mean
0.04077545133992698,0.08671583138728112
