Value,x1,x2,x3,Portfolio
TotalReturn,-0.221445650767662,-0.016007530584304,0.301466962841769,0.081098280073725
Return Attribution,-0.065512522314306,-0.002219805321367,0.148830607709397,0.081098280073725
Vol Attribution,-0.000620222631501,0.002827104435466,0.012579817544961,0.014786699348926
