Value,F1,F2,F3,Alpha,Portfolio
TotalReturn,0.079939028533361,0.026710835783391,-0.016317187182356,0.046443038193576,0.105326679728751
Return Attribution,0.065172806146880,0.000173581902874,-0.007578621692839,0.047558913371835,0.105326679728751
Vol Attribution,0.005012796084655,-0.000009192566179,0.001784724502412,0.005445186530230,0.012233514551118
